id,name,source_family,countries,categories,base_url,discovery_method,automation_permitted,expected_update_frequency,default_independence_class,language,last_checked_at,next_review_at,status,notes
egyptian_electric_utility_and_consumer_protection_regulatory,Egyptian Electric Utility and Consumer Protection Regulatory Agency (EgyptERA) — جهاز تنظيم مرفق الكهرباء وحماية المستهلك,regulator,EG,organisations,https://egyptera.org/ar/,agent_web_sweep,no,unknown,independently_evidenced,ar,2026-08-27,2026-12-25,blocked,Both WebFetch (HTTP 503) and curl through the egress proxy (CONNECT rejected 502 / connection reset) fail from this environment; search results confirm the domain hosts license PDFs (e.g. /ar/Downloads/Licenses/... generation and distribution license certificates) so a licensee register exists but must be verified from another network or a human.
new_and_renewable_energy_authority,New and Renewable Energy Authority (NREA) — هيئة الطاقة الجديدة والمتجددة,rural_energy_agency,EG,organisations,http://nrea.gov.eg/,agent_web_sweep,yes,quarterly,independently_evidenced,ar,2026-08-27,2026-11-25,active,"Opened and confirmed: Egypt's renewable energy authority with sections for wind/solar projects, wind atlases, investor services (land allocation, renewable legislation), tenders, annual reports (2025 edition) and a PV-Hub solar platform. Arabic primary with English toggle. No single consolidated project register page found on the homepage; project data spread across sections and PDF reports."
renewable_energy_authority_of_libya,Renewable Energy Authority of Libya (REAOL) — جهاز الطاقات المتجددة,rural_energy_agency,LY,organisations,https://reaol.gov.ly/en/,agent_web_sweep,yes,unknown,independently_evidenced,ar,2026-08-27,2026-12-25,active,"register: https://www.reaol.gov.ly/en/projects/ — Opened both base and projects page: official renewable energy authority (est. 2007), sections for projects, resources (national RE strategy PDF), initiatives (Go Green rooftop solar), tenders and company registration. Projects page is a plain HTML list of completed projects (grid-connected solar at University of Tripoli, rural solar electrification, wind measurement stations) with links to detail "
general_electricity_company_of_libya,General Electricity Company of Libya (GECOL) — الشركة العامة للكهرباء,utility,LY,organisations,https://gecol.ly/,agent_web_sweep,no,unknown,independently_evidenced,ar,2026-08-27,2026-12-25,blocked,Server responds (301 redirect from gecol.ly to www.gecol.ly) but www.gecol.ly resets connections from this environment on both WebFetch (503) and curl; could not confirm any content. Libya has no independent electricity regulator — GECOL is the vertically integrated utility.
agence_nationale_pour_la_ma_trise_de_l_energie,Agence Nationale pour la Maîtrise de l'Energie (ANME),rural_energy_agency,TN,organisations,https://www.anme.tn/,agent_web_sweep,yes,unknown,independently_evidenced,fr,2026-08-27,2026-12-25,active,"register: https://www.anme.tn/fr/eligibles-companies — Opened via curl (site 503s the WebFetch user-agent but serves plain requests): Drupal 10 site, French/Arabic/English, sections for renewable energy programmes (residential/collective solar, PV, wind, biomass), guides, tenders, and register pages 'Sociétés éligibles' (eligible-company lists per programme e.g. PROMOISOL, published as downloadable PDF lists in an HTML table) and 'Experts auditeurs' ("
minist_re_de_l_industrie_de_l_energie_et_des_mines,"Ministère de l'Industrie, de l'Energie et des Mines — Direction des Energies Renouvelables (régime des autorisations)",ministry,TN,organisations,https://www.energiemines.gov.tn/fr/themes/energies-renouvelables/,agent_web_sweep,yes,yearly,independently_evidenced,fr,2026-08-27,2027-08-27,active,"register: https://www.energiemines.gov.tn/fr/themes/energies-renouvelables/projets-et-programmes/regime-des-autorisations/ — Opened and confirmed: the ministry page documents Tunisia's renewable electricity authorization regime (thresholds 10MW solar / 30MW wind / 15MW biomass) and lists the four calls for projects (2017-2020) with awarded agreements, capacities and tariffs; results per call are downloadable PDFs linked from HTML. Tunisia has no distinct independent electricity regulator yet — this ministry page is the "
commission_de_r_gulation_de_l_electricit_et_du_gaz,Commission de Régulation de l'Electricité et du Gaz (CREG),regulator,DZ,organisations,https://creg.gov.dz/,agent_web_sweep,yes,yearly,independently_evidenced,fr,2026-08-27,2027-08-27,active,"register: https://creg.gov.dz/fr/la-creg-publie-la-liste-des-installations-de-production-delectricite-autorisees-au-titre-de-lexercice-de-2023/ — Opened base, about, décisions and production pages: WordPress site in AR/FR/EN with Réglementation (lois, décrets, arrêtés, Décisions CREG) and Espace opérateur sections. The register of authorized generation installations is published as an annual PDF ('principales caractéristiques des centrales autorisées', 13 installations for 2023 with operator, location, MW, fuel, technology) attached to news"
autorit_nationale_de_r_gulation_de_l_electricit,Autorité Nationale de Régulation de l'Electricité (ANRE),regulator,MA,organisations,https://anre.ma/,agent_web_sweep,yes,continuous,independently_evidenced,fr,2026-08-27,2026-09-26,active,"register: https://anre.ma/publications/decisions/ — Opened base and decisions pages: WordPress site in FR/EN/AR. Decisions page is a chronological HTML list (2024 onward) with FR and AR PDF downloads covering grid tariffs, surplus-production rates, grid code and accommodation-capacity approvals (2026-2030). No licensed-operator register published; 'Régulation > Accès aux réseaux' section exists for third-party grid access rules."
agence_marocaine_pour_l_efficacit_energ_tique,Agence Marocaine pour l'Efficacité Energétique (AMEE),rural_energy_agency,MA,organisations,https://www.amee.ma/,agent_web_sweep,no,unknown,independently_evidenced,fr,2026-08-27,2026-12-25,blocked,"WebFetch returns 503 on all paths tried and curl fails TLS verification even through the proxy CA (site appears to serve a broken/incomplete certificate chain). Search results confirm amee.ma is the current official domain (Rabat, contact@amee.ma). Needs human verification or a crawler tolerant of the broken chain."
masen,Masen — Moroccan Agency for Sustainable Energy,rural_energy_agency,MA,organisations,https://www.masen.ma/,agent_web_sweep,review,unknown,independently_evidenced,fr,2026-08-27,2026-12-25,active,"register: https://www.masen.ma/fr/projets — Opened base and projects pages: FR primary with AR/EN. 'Carte des projets ENR' lists 60+ renewable projects (NOOR Ouarzazate I-IV, Tarfaya, Tanger I...) filterable by city, technology and project, with per-project capacity; portfolio totals shown (686 MW solar + 100 MW wind operational; 2,443 MW solar and 1,930 MW wind under development). Map/filter interface is JavaScript-driven — crawler will ne"
autorit_de_r_gulation,"Autorité de Régulation (ARE) — Mauritanie (multisectorielle : électricité, eau, télécoms, poste)",regulator,MR,organisations,https://www.are.mr/,agent_web_sweep,yes,continuous,independently_evidenced,fr,2026-08-27,2026-09-26,active,"register: https://www.are.mr/index.php/electricite-fr/delegation-de-service-public-electricite — Opened base and DSPE pages: PHP/Joomla-style plain HTML site in FR/AR. Electricity section has avis et communiqués, cahiers des charges, observatoire, textes de référence, and a délégation de service public (DSPE) register: chronological HTML entries 2018-2025 naming delegatees (Groupement COGER/ETS 4QS, CDS, TECHNO-SYSTEMS) and electrified localities, with tender and award notices."
electricity_regulatory_authority,Electricity Regulatory Authority (ERA) — Sudan,regulator,SD,organisations,http://www.era.gov.sd/web/en/,agent_web_sweep,review,unknown,independently_evidenced,en,2026-08-27,2026-12-25,dead,"DNS resolution fails for www.era.gov.sd and the proxy returns 502 on era.gov.sd; retried via both WebFetch and curl. ERA (est. 2000 under the Electricity Act) is documented as Sudan's power-sector regulator in NARUC and RAERESA listings, but its website is offline — consistent with war-degraded Sudanese government infrastructure."
ministry_of_energy_and_petroleum,Ministry of Energy and Petroleum — Sudan (وزارة الطاقة والنفط),ministry,SD,organisations,http://www.mop.gov.sd/,agent_web_sweep,review,unknown,independently_evidenced,ar,2026-08-27,2026-12-25,dead,"getaddrinfo timeout on www.mop.gov.sd via WebFetch; domain indexed by search engines (tenders, ministers, renewable energy and rural electricity pages) but unresolvable from this environment. Fallback source for Sudan until government web infrastructure recovers."
nigerian_electricity_regulatory_commission,Nigerian Electricity Regulatory Commission (NERC),regulator,NG,organisations,https://nerc.gov.ng/,agent_web_sweep,yes,quarterly,independently_evidenced,en,2026-08-27,2026-11-25,active,"register: https://nerc.gov.ng/resource-category/nerc-reports/ — The nerc-reports resource-category page lists quarterly and annual reports as plain-HTML entries with View/Download PDF links, newest first (2025 Annual Report dated Aug 2026, Q1 2026 report dated Jul 2026), paginated over 7 pages with sidebar category filters. WordPress-style /wp-content/uploads PDF URLs — straightforward to crawl."
rural_electrification_agency,Rural Electrification Agency (REA),rural_energy_agency,NG,organisations,https://rea.gov.ng/,agent_web_sweep,yes,unknown,independently_evidenced,en,2026-08-27,2026-12-25,active,"Static plain-HTML agency site (aboutus.html, news.html). Names its programmes (NEP, REF, EEP, EEI, EAP, Solar Power Naija) and posts project news (e.g. 505kWp interconnected solar mini-grid commissioning), but exposes no project database, map, or listing page on the site itself."
nigeria_electrification_project_portal,Nigeria Electrification Project (NEP) portal,programme,NG,organisations;projects,https://nep.rea.gov.ng/,agent_web_sweep,yes,unknown,independently_evidenced,en,2026-08-27,2026-12-25,active,"Static informational HTML site for the World Bank/AfDB-funded NEP (who-we-are.html, news.html; claims 7.8M+ lives impacted). No mini-grid directory, developer register, dashboards, or downloadable datasets visible — despite the portal historically being described as a developer registration/EIA tracking tool, no public data listings are exposed."
energy_commission_ghana,"Energy Commission, Ghana",regulator,GH,organisations,https://www.energycom.gov.gh/,agent_web_sweep,yes,continuous,independently_evidenced,en,2026-08-27,2026-09-26,active,"register: https://www.energycom.gov.gh/regnew/ — The regnew app at /regnew/ is a live public register hub linking 11 registers via index.php/Energy/loadRegister/<name> (generation/wholesale supply, transmission, distribution, bulk customers, natural gas, renewables installation, charcoal/briquette export, importation). I opened the Electricity Wholesale Supply Licenses Register: server-rendered plain-HTML table with company, license number/type,"
public_utilities_regulatory_commission,Public Utilities Regulatory Commission (PURC),regulator,GH,organisations,https://www.purc.com.gh/,agent_web_sweep,review,quarterly,independently_evidenced,en,2026-08-27,2026-11-25,active,"register: https://www.purc.com.gh/categ/tariffs/subcategories/tariff-decision-papers — Server-templated site with Register of Public Utility Companies, Register of Power Purchase Agreements, gazetted tariffs (/sub_subcategories/7542), press releases and annual reports sections. However the tariff-decision-papers page I opened holds no documents itself — it points to an 'Interactive Tariff Decisions Publications Register' hosted externally at https://attachment74.github.io/TRDP2025/ "
sierra_leone_electricity_and_water_regulatory_commission,Sierra Leone Electricity and Water Regulatory Commission (EWRC),regulator,SL,organisations,https://ewrc.gov.sl/,agent_web_sweep,yes,yearly,independently_evidenced,en,2026-08-27,2027-08-27,active,"register: https://ewrc.gov.sl/wp-content/uploads/2025/02/ELECTRICITY-LICENSES-AND-PERMITS-PUBLIC-REGISTER.pdf — WordPress site, live with news through June 2026, publishing public registers as PDFs. WARNING: the electricity register PDF is served corrupt — Content-Length is exactly 1,048,576 bytes (truncated at 1 MiB on their server, Last-Modified Feb 2025) and fails PDF parsing (no EOF/startxref); route a human to request a clean copy. The companion water register PDF (wp-content/uploads/2025/02/PUBLIC-REG"
liberia_electricity_regulatory_commission,Liberia Electricity Regulatory Commission (LERC),regulator,LR,organisations,https://lerc.gov.lr/,agent_web_sweep,yes,unknown,independently_evidenced,en,2026-08-27,2026-12-25,active,"Server-rendered PHP site with opaque hashed page_info.php URLs. Licensing pages (page_info.php?...=NTE4) carry only application guidance, forms and regulation PDFs — no public register of issued licenses/licensees found. Crawlable targets: Board Resolutions, Tariff Decisions, Tariff Reports, Publications, Sector Performance Reports pages (all page_info.php links with PDF documents). The certificat"
rural_and_renewable_energy_agency,Rural and Renewable Energy Agency (RREA),rural_energy_agency,LR,organisations,https://www.rrealiberia.org/,agent_web_sweep,yes,unknown,independently_evidenced,en,2026-08-27,2026-12-25,active,"Server-rendered PHP site (news.php, gallery.php, document.php with hashed parameters). Has documents/reports/press-release sections and a project gallery (e.g. UNDP co-funded Southeastern Energy Needs Assessments), but no structured project database or investee list. A separate Rural Energy Strategy and Master Plan site (rmp.rrealiberia.org) was referenced in search results but not opened."
public_utilities_regulatory_authority,Public Utilities Regulatory Authority (PURA),regulator,GM,organisations,https://pura.gm/,agent_web_sweep,review,unknown,independently_evidenced,en,2026-08-27,2026-12-25,active,"WordPress site, live and current (news through July 2026: ERERA meeting, net-metering stakeholder events), but returns 403 to default fetchers — a browser User-Agent gets 200, so the crawler must spoof UA. The Legal & Licensing > Licensed Operators page contains only mandate boilerplate, no operator table. The Electricity sub-sector page names licensees in prose only (NAWEC as integrated utility; "
commission_de_r_gulation_du_secteur_de_l_energie,Commission de Régulation du Secteur de l'Energie (CRSE),regulator,SN,organisations,https://www.crse.sn/,agent_web_sweep,yes,unknown,independently_evidenced,fr,2026-08-27,2026-12-25,active,"Official portal of Senegal's energy regulator covering electricity, downstream hydrocarbons and gas. Hosts legislative texts, decisions/avis, tariff grids, official bulletins and annual reports, mostly as PDFs under /wp-content/uploads/. No single consolidated licensee register page found; an 'agences' page (opened: /secteurs/secteur-electricite/agences/) describes ASER, ANER, AEME in HTML. Note: "
agence_s_n_galaise_d_electrification_rurale,Agence Sénégalaise d'Electrification Rurale (ASER),rural_energy_agency,SN,organisations,https://www.aser.sn/,agent_web_sweep,no,unknown,independently_evidenced,fr,2026-08-27,2026-12-25,blocked,"HTTP 503 on every attempt (https://www.aser.sn/, http://aser.sn/, https://aser.sn/index.php) — server up at DNS level but refusing our fetcher, likely WAF/hosting block. Agency is active per press (Aug 2026 commissioning of localities) and is described on CRSE and energie-mines.gouv.sn pages. Needs a human or residential-IP crawl."
autorit_nationale_de_r_gulation_du_secteur_de_l_electricit_d,Autorité Nationale de Régulation du secteur de l'Electricité de Côte d'Ivoire (ANARE-CI),regulator,CI,organisations,https://anare.ci/,agent_web_sweep,yes,unknown,independently_evidenced,fr,2026-08-27,2026-12-25,active,"register: https://anare.ci/documents/avis-decisions-recommandations/ — WordPress portal of Ivory Coast's electricity regulator with an Open Data section (national consumption, rural electrification, subscribers, installed capacity), operator information (concessionaires, IPPs), laws/arrêtés, and a documents hub. Opened /documents/avis-decisions-recommandations/ — a hub page with Avis, Décisions, Recommandations categories leading to downloadable files."
commission_de_r_gulation_de_l_electricit_et_de_l_eau,Commission de Régulation de l'Electricité et de l'Eau (CREE),regulator,ML,organisations,http://www.creemali.ml/,agent_web_sweep,review,unknown,independently_evidenced,fr,2026-08-27,2026-12-25,dead,DNS ENOTFOUND for both www.creemali.ml and creemali.ml despite the domain still being cited as official by search results and the Primature page. The Primature page (primature.ml) itself sat behind a verification interstitial. The commission exists (Ordinance 00-021/P-RM of 2000) but has no reachable website.
agence_malienne_pour_le_d_veloppement_de_l_energie_domestiqu,Agence Malienne pour le Développement de l'Energie Domestique et de l'Electrification Rurale (AMADER),rural_energy_agency,ML,organisations,http://www.amadermali.net/,agent_web_sweep,review,unknown,independently_evidenced,fr,2026-08-27,2026-12-25,dead,"DNS ENOTFOUND for www.amadermali.net (the address given in directories, email domain amadermali.net) and for amader.ml. Agency is active — it publishes tenders via malipages.com — but appears to have no working website; a 2020 tender for 'mise à jour et hébergement de site web' suggests chronic site trouble."
autorit_de_r_gulation_du_secteur_de_l_energie,Autorité de Régulation du Secteur de l'Energie (ARSE Burkina Faso),regulator,BF,organisations,https://www.arse.bf/,agent_web_sweep,yes,yearly,independently_evidenced,fr,2026-08-27,2027-08-27,active,"register: https://www.arse.bf/documentation/decision/ — WordPress portal of Burkina Faso's energy regulator: laws, decrees, decisions, arrêtés, activity reports, official bulletins, sector statistics (2024 production data on homepage). Opened /documentation/decision/ — HTML list of PDF decisions, but only 4 items with the most recent dated 2019, so the decisions register is stale; reports/bulletins may be fresher."
agence_burkinab_de_l_electrification_rurale,Agence Burkinabè de l'Electrification Rurale (ABER),rural_energy_agency,BF,organisations,https://www.aber.bf/,agent_web_sweep,no,unknown,independently_evidenced,fr,2026-08-27,2026-12-25,blocked,"HTTP 503 on every attempt (https://www.aber.bf/, /accueil/, /aber/presentation/, https://aber.bf/) — the site exists (indexed pages: presentation, actualité, project news) but the server refuses our fetcher. Route to a human or different egress IP."
autorit_de_r_gulation_de_l_electricit,Autorité de Régulation de l'Electricité (ARE),regulator,BJ,organisations,https://www.are.bj/,agent_web_sweep,yes,continuous,independently_evidenced,fr,2026-08-27,2026-09-26,active,"register: https://www.are.bj/documents — Official site of Benin's electricity regulator (created 2009, under the Presidency). Opened /documents — a 'Documenthèque' HTML list with PDF downloads and previews: avis on solar PV authorisations, off-grid concession requests, tariff grid approvals; paginated, recent items to July 2026. Homepage has JS/dynamic-loading elements but the documents listing was parseable server-side."
agence_b_ninoise_d_electrification_rurale_et_de_ma_trise_d_e,Agence Béninoise d'Electrification Rurale et de Maîtrise d'Energie (ABERME),rural_energy_agency,BJ,organisations,https://www.aberme.bj/,agent_web_sweep,review,unknown,independently_evidenced,fr,2026-08-27,2026-12-25,dead,"DNS ENOTFOUND for www.aberme.bj and aberme.bj. Consistent with press reports that ABERME was dissolved by the Talon government (liquidator named Feb 2024); rural electrification activities transferred to SBEE, the interior-installations control agency and the energy ministry's planning directorate. Do not crawl — successor is SBEE/ministry."
autorit_de_r_glementation_du_secteur_de_l_electricit,Autorité de Réglementation du Secteur de l'Electricité (ARSE Togo),regulator,TG,organisations,https://www.arse.tg/,agent_web_sweep,yes,continuous,independently_evidenced,fr,2026-08-27,2026-09-26,active,"Togo's electricity regulator. Homepage intermittently returned 503, but /category/actu/ loaded fine with news posted within 20 hours (Aug 2026): consumer protection, CEET distribution inspections, autoproduction regulation. Annual/activity reports are PDFs under /wp-content/uploads/ (e.g. Rapport-Activites-ARSE-2024 seen in search results, not opened). WordPress, plain HTML."
autorit_de_r_gulation_du_secteur_de_l_energie_2,Autorité de Régulation du Secteur de l'Energie (ARSE Niger),regulator,NE,organisations,https://www.arse.ne/,agent_web_sweep,review,unknown,independently_evidenced,fr,2026-08-27,2026-12-25,active,"Niger's energy regulator (electricity + downstream petroleum). Homepage served a 'request being verified' WAF interstitial to our fetcher, but subpage /sous-secteur-electricite-nigelec/ loaded fully: sector data (import/production shares), operators (NIGELEC, SONICHAR, ISTITHMAR), documentation section with decisions/avis, texts, studies, activity reports, and a market observatory. WAF may intermi"
agence_nig_rienne_de_promotion_de_l_electrification_en_milie,Agence Nigérienne de Promotion de l'Electrification en milieu Rural (ANPER),rural_energy_agency,NE,organisations,https://anperniger.org/,agent_web_sweep,yes,unknown,independently_evidenced,fr,2026-08-27,2026-12-25,active,"Official ANPER site (WordPress, plain HTML). Describes programme types (solar mini-grids, solar irrigation kits, individual solar kits) and DG messaging but no itemised project database on the pages opened. Note: the older domain www.anperniger.ne is DNS-dead; anperniger.org is the working one."
autorit_de_r_gulation_des_secteurs_de_l_electricit_et_de_l_e,Autorité de Régulation des Secteurs de l'Electricité et de l'Eau potable (AREE),regulator,GN,organisations,http://www.aree-gn.com/,agent_web_sweep,review,unknown,independently_evidenced,fr,2026-08-27,2026-12-25,dead,www.aree-gn.com — the address cited in AfDB project documents as the regulator's site — is DNS ENOTFOUND; https://aree.gov.gn/ resolved but returned an empty page. AREE exists and is active (AfDB-funded digitisation project; Nov 2025 supplier-register AMI via guineematin.com) but has no confirmed working website.
eletricidade_e_guas_da_guin,Eletricidade e Águas da Guiné-Bissau (EAGB),utility,GW,organisations,http://www.eagb-gb.com/,agent_web_sweep,review,unknown,independently_evidenced,pt,2026-08-27,2026-12-25,dead,Opened www.eagb-gb.com: it is now a Namecheap 'domain registration has expired' parking page. The national electricity/water utility operates via Facebook (eagboficial@gmail.com) with no working website.
energy_and_petroleum_regulatory_authority,Energy and Petroleum Regulatory Authority (EPRA),regulator,KE,organisations,https://www.epra.go.ke/,agent_web_sweep,no,unknown,independently_evidenced,en,2026-08-27,2026-12-25,blocked,"register: https://www.epra.go.ke/renewable-energy-registers — Every fetch returned HTTP 503 — homepage, /renewable-energy-registers, and the register PDFs under /sites/default/files/ (e.g. 'REGISTER OF ACTIVE SOLAR PV CONTRACTOR VENDOR.pdf', as-at 15-11-2024, and 'REGISTER OF ACTIVE SOLAR PV TECHNICIAN.pdf'). Other .go.ke sites (energy.go.ke) load fine through the same proxy, so this is an EPRA-side WAF blocking our fetcher, not a network issue. Search confi"
rural_electrification_and_renewable_energy_corporation,Rural Electrification and Renewable Energy Corporation (REREC),rural_energy_agency,KE,organisations,https://www.rerec.co.ke/,agent_web_sweep,yes,unknown,independently_evidenced,en,2026-08-27,2026-12-25,active,"Confirmed official REREC site (WordPress, server-rendered). Has Grid Electrification Projects, Renewable Energy Project pages (e.g. Garissa 54.6 MW solar) and a tenders section, but no structured project database — project info is narrative pages and document downloads."
energy_and_water_utilities_regulatory_authority,Energy and Water Utilities Regulatory Authority (EWURA),regulator,TZ,organisations,https://www.ewura.go.tz/,agent_web_sweep,review,continuous,independently_evidenced,en,2026-08-27,2026-09-26,active,"register: https://www.ewura.go.tz/licensees/electricity — Site is server-rendered HTML with licensee register pages for electricity, petroleum (/licensees/petroleum) and natural gas (/licensees/natural-gas). The register page itself is a JS-loaded data table ('Please Wait... Loading Electricity List of Licensees' with 5/10/25/50-entry paging) — data fetched dynamically, likely from an internal API worth sniffing. The LOIS licence system (https://lois.ewu"
rural_energy_agency_tanzania,Rural Energy Agency (REA) Tanzania,rural_energy_agency,TZ,organisations,https://rea.go.tz/,agent_web_sweep,yes,continuous,independently_evidenced,en,2026-08-27,2026-09-26,active,"register: https://rea.go.tz/Articles/archive/11-2020 — Homepage enters a redirect loop (>10 redirects) for a crawler, but subpaths work: the EasyDNN (DotNetNuke) articles hub is live with 263 news items, 118 announcements, 63 tenders, 11 reports, archives back to 2011, including rural electrification project lists (e.g. 'Orodha ya Miradi ya Umeme Vijijini'). /projects is a login wall — the internal projects database is not public. Crawler must target "
electricity_regulatory_authority_2,Electricity Regulatory Authority (ERA),regulator,UG,organisations,https://www.era.go.ug/,agent_web_sweep,yes,continuous,independently_evidenced,en,2026-08-27,2026-09-26,active,"register: https://www.era.go.ug/certified-installation-permit-holders/ — Confirmed the Certified Installation Permit Holders register: plain HTML table with Full Name, Location, Permit Number, Permit Class, Issue/Renewal/Expiry Dates, Contacts — 1000+ entries, permit activity through 2026 with expiries to 2029, clearly maintained. Also a Registered Wooden Pole Suppliers register (/registered-wooden-poles-suppliers/). Note: /licensed-companies/ returned 404; generation/"
uganda_energy_credit_capitalisation_company,Uganda Energy Credit Capitalisation Company (UECCC),fund,UG,organisations;projects,https://www.ueccc.or.ug/,agent_web_sweep,yes,unknown,independently_evidenced,en,2026-08-27,2026-12-25,active,"Confirmed official UECCC site (WordPress). Lists financing windows (Solar Loan, Connection Loan, Biogas Loan, Results Based Financing, EASP, ORIO mini-hydro, ERT III) and downloadable 'Pre-qualified Energy Service Companies' list plus RBF operations manual (July 2026) — a usable roster of active off-grid solar companies in Uganda."
ministry_of_energy_and_mineral_development,Ministry of Energy and Mineral Development (MEMD) — successor to Rural Electrification Agency,ministry,UG,organisations,https://memd.go.ug/,agent_web_sweep,yes,unknown,independently_evidenced,en,2026-08-27,2026-12-25,active,Uganda's REA was mainstreamed into MEMD; the old rea.or.ug now returns HTTP 401. MEMD site is live (HTML/CMS) and carries rural electrification via the Electricity Access Scale-Up Project (memd.go.ug/projects/distribution) and renewable energy programme pages. No project-level database found.
petroleum_and_energy_authority,Petroleum and Energy Authority (PEA),regulator,ET,organisations,http://www.pea.gov.et/,agent_web_sweep,no,unknown,independently_evidenced,en,2026-08-27,2026-12-25,blocked,"All fetches returned HTTP 503, including Joomla article paths (/index.php/about-us/our-mandate) that search indexes as live with 2025 updates. The government e-services page (legacy.eservices.gov.et/service/1711) also returned 503. Alternate domains ethioenergyauthority.gov.et and eea.gov.et do not resolve (DNS NXDOMAIN). PEA (est. Proclamation 1263/2021) is the petroleum + energy regulator; site "
rwanda_utilities_regulatory_authority,Rwanda Utilities Regulatory Authority (RURA),regulator,RW,organisations,https://www.rura.rw/,agent_web_sweep,yes,unknown,independently_evidenced,en,2026-08-27,2026-12-25,active,"register: https://licensing.rura.rw/ — TYPO3 site, live. Energy sector overview (rura.rw/sectors/energy/overview) confirms mandate over electricity, renewables, gas, downstream petroleum but links no licensee list. The Converged Licensing portal (licensing.rura.rw) is live server-rendered HTML: public directory of licence TYPES (generation, distribution, transmission, e-mobility) plus a no-login 'Check License Validity' lookup, but no "
rwanda_energy_group_energy_development_corporation_ltd,Rwanda Energy Group (REG) / Energy Development Corporation Ltd (EDCL),utility,RW,organisations,https://www.reg.rw/,agent_web_sweep,yes,unknown,independently_evidenced,en,2026-08-27,2026-12-25,active,"REG site live (HTML+JS); EDCL is presented as a subsidiary under About Us, with Projects (/what-we-do/projects/) and National Electrification Plan (/what-we-do/access/) sections. The standalone edcl.reg.rw no longer resolves (DNS dead) — EDCL content is folded into reg.rw. Also exposes a public ArcGIS portal at euclgis.reg.rw."
autorit_de_r_gulation_des_secteurs_de_l_eau_potable_et_de_l_,Autorité de Régulation des secteurs de l'Eau potable et de l'Energie (AREEN),regulator,BI,organisations,https://www.areen.bi/,agent_web_sweep,yes,yearly,independently_evidenced,fr,2026-08-27,2027-08-27,active,"Confirmed Burundi's water/energy regulator, French-only WordPress site. Publishes 2024 annual report, authorization forms for electricity generation facilities, legal texts and sector studies — but no licensee register or operator list is visible in the navigation. Crawl the publications/documents section for PDFs."
ministry_of_energy_and_water_resources,Ministry of Energy and Water Resources (MoEWR),ministry,SO,organisations,https://moewr.gov.so/,agent_web_sweep,review,unknown,independently_evidenced,en,2026-08-27,2026-12-25,active,"Homepage serves a JS verification interstitial to crawlers, but interior pages fetch fine: /electricity-authority/ (NEA establishment, July 2023 Cabinet approval, licensing/tariff mandate) and it hosts the National Electricity Act 2023 (/ova_doc/somalia-electricity-act/). Crawler should hit deep URLs directly and expect the anti-bot layer on the root."
national_electricity_authority,National Electricity Authority (NEA),regulator,SO,organisations,https://nea.gov.so/,agent_web_sweep,review,unknown,independently_evidenced,en,2026-08-27,2026-12-25,active,"Somalia's new electricity regulator under the Electricity Act 2023. Root URL serves a verification interstitial, but /overview/ fetched fully: mandate covers licensing providers, compliance monitoring, tariff methodology, dispute resolution; NEA Licensing Regulations 2024 referenced. No public licensee register yet — a unified licensing system is being built (UNDP Africa Minigrids Program support)"
minist_re_de_l_energie_charg_des_ressources_naturelles,Ministère de l'Energie chargé des Ressources Naturelles (MERN),ministry,DJ,organisations,https://www.mern.dj/,agent_web_sweep,yes,unknown,independently_evidenced,fr,2026-08-27,2026-12-25,active,"Confirmed Djibouti's energy ministry site (Joomla, French, © 2026). Content is ministerial news and directorate listings plus a 'Textes et Lois' section; no licensing register or project database. Djibouti has no separate energy regulator — this ministry is the sector anchor. The utility Electricité de Djibouti (edd.dj) returned HTTP 503 on fetch."
national_energy_regulator_of_south_africa,National Energy Regulator of South Africa (NERSA),regulator,ZA,organisations,https://www.nersa.org.za/,agent_web_sweep,review,quarterly,independently_evidenced,en,2026-08-27,2026-11-25,active,"register: https://www.nersa.org.za/electricity/licences — Opened homepage, /electricity/licences and /electricity/registration. Licence and 'Registered entities' lists sit behind a JS dropdown document-library (categories: Approved Licences - Generation/Distribution/Transmission/Trading; Registered entities) — raw HTML exposes no document links, so a headless browser or the library's AJAX endpoint is needed. Transactional licensing runs on https://nersa-"
energy_regulation_board_zambia,Energy Regulation Board (ERB) Zambia,regulator,ZM,organisations,https://www.erb.org.zm/,agent_web_sweep,yes,yearly,independently_evidenced,en,2026-08-27,2027-08-27,active,"register: https://www.erb.org.zm/statistics — Opened homepage, /licensing and /statistics. No public licensee register page — the licensee database is behind the login-walled portal (https://portal.erb.org.zm/singlelicensing 302s to Account/Login). The /statistics page is the crawlable asset: Energy Sector Reports 2015-2025 and Statistical Bulletins 2013-2025 as direct PDF links plus zipped Excel petroleum market-share/price data 2012-2026, a"
zimbabwe_energy_regulatory_authority,Zimbabwe Energy Regulatory Authority (ZERA),regulator,ZW,organisations,https://www.zera.co.zw/,agent_web_sweep,yes,yearly,independently_evidenced,en,2026-08-27,2027-08-27,active,"register: https://www.zera.co.zw/liquid-fuels-licensees/ — Opened homepage, IPP page, liquid-fuels licensees and solar PV installer pages. Liquid-fuels licensees is a plain HTML table with ~1,200 rows (approx 40 wholesale + 1,100 retail; columns incl. licence number, location, expiry 31-Dec-26), as at 4 Aug 2026. Other registers: /independent-power-producers/ (HTML table incl. licensing date, development stage, offtaker), /lpg-licensees/, /lpg-installers-"
autoridade_reguladora_de_energia,Autoridade Reguladora de Energia (ARENE),regulator,MZ,organisations,https://arene.org.mz/,agent_web_sweep,yes,unknown,independently_evidenced,pt,2026-08-27,2026-12-25,active,"register: https://arene.org.mz/concessionarias-do-sector-de-electricidade/ — Opened homepage and concessionaires page (intermittent 503s — retry logic needed). Portuguese site with per-sector operator lists: electricity concessionaires page serves a direct Excel download (http://arene.org.mz/wp-content/uploads/2024/04/Concessionarias-do-Sector-de-Electricidade.xlsx, dated Apr 2024). Also /empresas-prestadoras-de-servicos-energeticos/, /empresas-de-retalho-em-postos-de-abas"
fundo_de_energia,Fundo de Energia (FUNAE),rural_energy_agency,MZ,organisations,https://funae.co.mz/,agent_web_sweep,yes,unknown,independently_evidenced,pt,2026-08-27,2026-12-25,active,"register: http://funae.co.mz/wp-content/uploads/2024/07/2024-06-11-Carteira_de_Projectos_2019FinalVisualization_compressed.pdf — Opened homepage (www variant 503s; bare domain works). Public rural-energy fund financing off-grid electrification. Project portfolio is a static PDF ('Carteira de Projectos', 2019 data) plus an ArcGIS StoryMap atlas (storymaps.arcgis.com/stories/cf1e942ad27048f1947b2a5d0368ef02) and the +Energia financing-window site maisenergia.co.mz. No consolidated searchable project database."
malawi_energy_regulatory_authority,Malawi Energy Regulatory Authority (MERA),regulator,MW,organisations,https://mera.mw/,agent_web_sweep,review,continuous,independently_evidenced,en,2026-08-27,2026-09-26,active,"register: https://mera.mw/regulated-entities/ — Cloudflare returns 403 to default fetcher UA; opened successfully with a browser User-Agent. /regulated-entities/ is a WordPress download-manager table of licensee documents, refreshed monthly: 'LFG VALID MERA LICENCES AS AT 31st JULY 2026' (12 Aug 2026), 'VALID ELECTRICAL INSTALLERS AS AT 31 JULY 2026' (13 Aug 2026), EGENCO Salima generation licence notice (27 Aug 2026). Crawler must spoof a brow"
botswana_energy_regulatory_authority,Botswana Energy Regulatory Authority (BERA),regulator,BW,organisations,https://www.bera.co.bw/,agent_web_sweep,yes,unknown,independently_evidenced,en,2026-08-27,2026-12-25,active,"Opened homepage and electricity.php (first fetch 503, retry succeeded). Plain PHP/HTML site covering electricity, petroleum, gas and renewables regulation, but no public licensee register or licensed-entities list anywhere on the site — electricity.php describes licensing requirements only. Register would need a direct request to BERA (info@bera.co.bw)."
electricity_control_board_namibia,Electricity Control Board (ECB) Namibia,regulator,NA,organisations,https://www.ecb.org.na/,agent_web_sweep,no,unknown,independently_evidenced,en,2026-08-27,2026-12-25,blocked,"Could not open from this environment: WebFetch returned 503 on three attempts (homepage and /licensing/), and direct TLS attempts failed with an incomplete certificate chain ('unable to get local issuer certificate') plus connection resets. Site is live per search results, and https://www.ecb.org.na/licensing/ reportedly carries distribution-licensee and licensed-IPP lists — needs a human or a cra"
lesotho_electricity_and_water_authority,Lesotho Electricity and Water Authority (LEWA),regulator,LS,organisations,https://www.lewa.org.ls/,agent_web_sweep,yes,unknown,independently_evidenced,en,2026-08-27,2026-12-25,active,"register: https://www.lewa.org.ls/licenses/ — Opened homepage and /licenses/ (first fetch 503, retry succeeded). Small plain-HTML site. The licensees page is descriptive rather than tabular: names the four licence holders — LEC (composite electricity), WASCO (composite water/sewerage), LHDA (generation), LEGCO — with no downloadable register. Sector is tiny, so this prose page effectively is the register."
eswatini_energy_regulatory_authority,Eswatini Energy Regulatory Authority (ESERA),regulator,SZ,organisations,https://www.esera.org.sz/,agent_web_sweep,yes,continuous,independently_evidenced,en,2026-08-27,2026-09-26,active,"register: https://www.esera.org.sz/accredited_solar_installers/ — Opened homepage and accredited-solar-installers page. The installers page is a rendered HTML directory of ~40 accredited installers (name, certificate number, gender, Level 2 mounter / Level 3 installer) with location/level filters — no export file. Caveat: /licensing/types/ returned a 'please wait while your request is being verified' interstitial, so some subpages sit behind a JS challenge; no f"
instituto_regulador_dos_servicos_de_electricidade_e_das_agua,Instituto Regulador dos Servicos de Electricidade e das Aguas (IRSEA),regulator,AO,organisations,https://irsea.gov.ao/,agent_web_sweep,yes,yearly,independently_evidenced,pt,2026-08-27,2027-08-27,active,"Opened homepage. Portuguese-language electricity and water regulator publishing 2026 electricity and water tariff tables by consumer category and province, plus regulatory news and legislation — but no public register of licensed operators or concessions. Linked information system https://sisas.irsea.gov.ao/ loads only a JS 'Redirecionando...' SPA shell (WebFetch 503, curl 200 with no static conte"
agence_de_r_gulation_du_secteur_de_l_electricit,Agence de Régulation du Secteur de l'Electricité (ARSEL) — Cameroun,regulator,CM,organisations,https://arsel-cm.org/,agent_web_sweep,yes,yearly,independently_evidenced,fr,2026-08-27,2027-08-27,active,"register: https://arsel-cm.org/titres-du-secteur/ — Official regulator site (WordPress, French). Register 'Titulaires de titre dans le secteur' is plain HTML tables of concession/licence/authorisation holders (~10-12 major operators, issue dates 2001-2020). Also 'Décisions Régulatoires' and tariff pages with PDFs."
agence_de_l_electrification_rurale,Agence de l'Electrification Rurale (AER) — Cameroun,rural_energy_agency,CM,organisations,https://aer.cm/,agent_web_sweep,review,unknown,independently_evidenced,fr,2026-08-27,2026-12-25,dead,"Confirmed as official domain via search (aer.cm/en/), but both https://aer.cm/ and https://aer.cm/en/ returned HTTP 503 on repeated attempts in this task. Route to a human for retry."
autorit_de_r_gulation_du_secteur_de_l_electricit,Autorité de Régulation du secteur de l'Electricité (ARE) — RDC,regulator,CD,organisations,https://are.gouv.cd/,agent_web_sweep,yes,continuous,independently_evidenced,fr,2026-08-27,2026-09-26,active,"register: https://are.gouv.cd/concessions/ — Official DRC electricity regulator (WordPress, French). /concessions/ currently holds one concession contract PDF (Mighty Land Lubilanji 1, 40MB); richer material under /documentation/decisions-avis/ (certificats de conformité, avis sur les titres, avis sur les tarifs, décisions sur les plaintes) and /rapports-des-operateurs/. Site actively updated (posts dated Aug 2026)."
agence_de_r_gulation_du_secteur_de_l_electricit_2,Agence de Régulation du Secteur de l'Electricité (ARSEL) — Congo-Brazzaville,regulator,CG,organisations,https://www.regulae.fr/membres/,agent_web_sweep,yes,unknown,independently_evidenced,fr,2026-08-27,2026-12-25,active,"No own website found in French search. The RegulaE.Fr francophone regulators network members page (opened) lists 'Agence de Régulation du Secteur de l'Electricité (ARSEL)' for Congo with NO website URL. The baseUrl here is the network page that attests its existence, not a regulator site."
agence_de_r_gulation_du_secteur_de_l_eau_potable_et_de_l_ene,Agence de Régulation du Secteur de l'Eau potable et de l'Energie électrique (ARSEE) — Gabon,regulator,GA,organisations,https://arseegabon.com/,agent_web_sweep,review,unknown,independently_evidenced,fr,2026-08-27,2026-12-25,dead,Search (French) identifies arseegabon.com as the official ARSEE site; DNS resolution fails (ENOTFOUND) for both arseegabon.com and www.arseegabon.com. RegulaE.Fr members page lists ARSEE with no URL. Domain appears lapsed.
autorit_de_r_gulation_du_secteur_de_l_energie_lectrique,Autorité de Régulation du Secteur de l'Energie électrique (ARSE) — Tchad,regulator,TD,organisations,https://arse.td/,agent_web_sweep,review,unknown,independently_evidenced,fr,2026-08-27,2026-12-25,moved,"WARNING: arse.td (cited in search results as the regulator's official site) now serves Turkish online-gambling spam ('Grandpashasbet') — the domain appears hijacked or lapsed and resold. Do NOT crawl. ARSE itself exists (created 2019, member of RegulaE.Fr, no URL listed there)."
ministerio_de_industria_y_energ_a,Ministerio de Industria y Energía — Guinea Ecuatorial,ministry,GQ,organisations,https://minindustria.gob.gq/,agent_web_sweep,review,unknown,independently_evidenced,es,2026-08-27,2026-12-25,dead,No independent electricity regulator found for Equatorial Guinea (sector overseen by ministry + SEGESA utility). Both ministry domains found in Spanish search — minindustria.gob.gq and mmie.gob.gq — returned HTTP 503 on every attempt.
autoridade_geral_de_regula_o,Autoridade Geral de Regulação (AGER) — São Tomé e Príncipe,regulator,ST,organisations,https://ager.st/,agent_web_sweep,yes,unknown,independently_evidenced,pt,2026-08-27,2026-12-25,active,"Multisector regulator (telecoms, post, water, electricity), created by Decreto-Lei 14/2005. Electricity section at /index.php/pt/electricidade is informational (EMAE as operator); legislation and market-observatory pages exist but no consolidated licensee register found. Server-rendered HTML (Joomla), Portuguese with English version."
autorit_de_r_gulation_de_l_electricit_2,"Autorité de Régulation de l'Electricité (ARELEC, ex-ORE) — Madagascar",regulator,MG,organisations,http://www.ore.mg/,agent_web_sweep,review,unknown,independently_evidenced,fr,2026-08-27,2026-12-25,dead,"ORE became ARELEC (Décret 2025-852, Aug 2025, per press). Legacy site www.ore.mg returned HTTP 503; ministry page meh.mg/arelec/ (and meh.mg root) returned HTTP 403 (WAF). No working ARELEC site opened in this task — route to a human."
agence_de_d_veloppement_de_l_electrification_rurale,Agence de Développement de l'Electrification Rurale (ADER) — Madagascar,rural_energy_agency,MG,organisations,https://www.ader.mg/,agent_web_sweep,review,unknown,independently_evidenced,fr,2026-08-27,2026-12-25,active,"register: https://www.ader.mg/operateurs-et-autres-infos-utiles/ — Official rural electrification agency (WordPress, French). Homepage opened fine and links appel-a-projet/, appel-doffres/, operateurs-et-autres-infos-utiles/; however the operators subpage served an anti-bot 'please wait / verification' interstitial to the fetcher, so deep crawling will need JS/WAF handling."
utility_regulatory_authority,Utility Regulatory Authority (URA) — Mauritius,regulator,MU,organisations,https://uramauritius.mu/,agent_web_sweep,yes,unknown,independently_evidenced,en,2026-08-27,2026-12-25,active,"Official regulator for electricity, water, wastewater. Static HTML with PDF legislation, tariff determinations (latest 2026 temporary charges notice), press releases and Gazette notices. No public consolidated licensee register visible; licensing runs through a separate JS/login portal at online.uramauritius.mu. Note: ura.mu does not resolve — uramauritius.mu is the working domain."
seychelles_energy_commission,Seychelles Energy Commission (SEC),regulator,SC,organisations,https://www.sec.sc/,agent_web_sweep,review,unknown,independently_evidenced,en,2026-08-27,2026-12-25,dead,"Confirmed as official domain via search (statutory body under Energy Act 2012, issues electricity licences), but www.sec.sc returned HTTP 503 on repeated attempts; search results note the site is 'under construction'."
soci_t_nationale_d_electricit_des_comores,Société Nationale d'Electricité des Comores (SONELEC),utility,KM,organisations,https://soneleccomores.com/,agent_web_sweep,review,unknown,independently_evidenced,fr,2026-08-27,2026-12-25,dead,"Comoros has no energy regulator yet (a Conseil National de Régulation de l'Énergie is only planned, per COMESA search result). The national utility SONELEC's site soneleccomores.com timed out on DNS (ETIMEOUT, with and without www)."
ag_ncia_reguladora_multissectorial_da_economia,Agência Reguladora Multissectorial da Economia (ARME) — Cabo Verde,regulator,CV,organisations,https://www.arme.cv/,agent_web_sweep,yes,continuous,independently_evidenced,pt,2026-08-27,2026-09-26,active,"register: https://www.arme.cv/index.php?option=com_content&view=category&id=93&Itemid=774 — Multisector regulator (energy, water, comms, transport), Joomla site in Portuguese. Electricity category confirmed: regulations, tariff decisions, statistics, public consultations, plus 'Operadores/Empresas Reguladas' section; documents served via jdownloads PDF categories. Fresh documents dated Aug 2026 (weekly fuel reports)."
ecowas_regional_electricity_regulatory_authority,ECOWAS Regional Electricity Regulatory Authority (ERERA),regulator,BJ;BF;CV;CI;GM;GH;GN;GW;LR;ML;NE;NG;SN;SL;TG,organisations,https://erera.arrec.org/,agent_web_sweep,no,unknown,independently_evidenced,en,2026-08-27,2026-12-25,blocked,"Known official domain erera.arrec.org returned HTTP 403 on both https and http attempts — WAF/anti-bot block, not a dead domain. Route to a human or browser-based crawler."
energy_regulators_association_of_east_africa,Energy Regulators Association of East Africa (EREA),regulator,BI;CD;KE;RW;SS;TZ;UG,organisations,https://energyregulators.org/,agent_web_sweep,yes,unknown,independently_evidenced,en,2026-08-27,2026-12-25,active,"register: https://energyregulators.org/publications/ — Confirmed EREA (est. 2008, Arusha). WordPress site in English publishing member-regulator info, secretariat reports (/secretariat-reports/), regulatory research, EAC Petroleum Regulatory Index, electricity/petroleum statistics and an EAC Energy Dashboard/Data Hub (dashboard likely JS)."
regional_energy_regulators_association_of_southern_africa,Regional Energy Regulators Association of Southern Africa (RERA),regulator,AO;LS;MW;MZ;NA;SC;SZ;TZ;ZA;ZM;ZW,organisations,https://www.rerasadc.com/,agent_web_sweep,yes,unknown,independently_evidenced,en,2026-08-27,2026-12-25,active,"Confirmed RERA (SADC). Homepage opened at rerasadc.com but internal links resolve to rera.omalaetiit.com (members directory of 11 regulators at /members, resource library of technical reports and annual statistics at /resources) — a hosting mirror worth noting for crawler canonicalisation. PHP site with JS carousels; English."
african_forum_for_utility_regulators,African Forum for Utility Regulators (AFUR),regulator,ZA,organisations,https://afurnet.org/,agent_web_sweep,yes,unknown,independently_evidenced,en,2026-08-27,2026-12-25,active,"Pan-African utility regulators forum (secretariat Pretoria; membership continent-wide, ISO list here shows seat only). Bilingual EN/FR HTML site; homepage is conference-focused (23rd Annual Conference, Monrovia 2027); member lists/publications not surfaced on homepage — deeper crawl needed."
world_bank_projects_operations,World Bank Projects & Operations,dfi,NG;KE;GH;TZ;UG;ZA;CI;SN;EG;MA;TN;MZ;ZM;RW;CD;ET;CM;ML;BF;NE;MW;MG;AO;ZW;SL;LR;GN;TD;SS;SO,organisations;projects,https://projects.worldbank.org/en/projects-operations/projects-list,agent_web_sweep,yes,continuous,independently_evidenced,en,2026-08-27,2026-09-26,active,"register: https://search.worldbank.org/api/v3/projects?format=json — The HTML page is an empty JS application shell (only 'Projects' heading renders), but the underlying JSON API at https://search.worldbank.org/api/v3/projects?format=json&countrycode_exact=NG was opened and confirmed: full project records with country, sector codes, amounts, board approval dates, pagination. Crawl the API, not the page."
ifc_disclosure_portal,IFC Disclosure Portal,dfi,NG;KE;GH;TZ;UG;ZA;CI;SN;EG;MA;TN;MZ;ZM;RW;CD;ET;CM;AO;ZW;MG,organisations;projects,https://disclosures.ifc.org/,agent_web_sweep,review,continuous,independently_evidenced,en,2026-08-27,2026-09-26,active,"register: https://disclosures.ifc.org/ — Central disclosure hub for IFC investment and advisory projects with country and industry dropdown filters plus advanced search. Hybrid static HTML + JS: navigation is static but the recent-disclosures listing populates dynamically, so the project search itself is JS-driven."
multilateral_investment_guarantee_agency,Multilateral Investment Guarantee Agency (MIGA),dfi,NG;KE;GH;TZ;UG;ZA;CI;SN;EG;MA;MZ;ZM;CD;ET;CM;AO,organisations;projects,https://www.miga.org/projects,agent_web_sweep,no,unknown,independently_evidenced,en,2026-08-27,2026-12-25,blocked,"HTTP 403 Forbidden on the projects register URL — WAF blocks non-browser fetchers. A human with a browser should confirm the guarantee-projects register, which historically lists projects by country/sector."
african_development_bank_projects_portal_mapafrica,African Development Bank (AfDB) projects portal / MapAfrica,dfi,NG;KE;GH;TZ;UG;ZA;CI;SN;EG;MA;TN;MZ;ZM;RW;CD;ET;CM;ML;BF;NE;MW;MG;AO;ZW;SL;LR;GN;TD;SS;SO,organisations;projects,https://www.afdb.org/en/projects-and-operations,agent_web_sweep,no,unknown,independently_evidenced,en,2026-08-27,2026-12-25,blocked,projectsportal.afdb.org is DNS-dead (getaddrinfo ENOTFOUND). mapafrica.afdb.org and www.afdb.org both return HTTP 403 from a WAF. The whole AfDB estate blocks non-browser crawlers; a human/browser-based crawler is needed. High-value target since it is the largest Africa-only project database.
sustainable_energy_fund_for_africa,Sustainable Energy Fund for Africa (SEFA),fund,NG;KE;GH;TZ;UG;ZA;CI;SN;MZ;ZM;RW;CD;ET;MW;MG;SL,organisations;projects,https://www.afdb.org/en/topics-and-sectors/initiatives-partnerships/sustainable-energy-fund-for-africa,agent_web_sweep,no,unknown,independently_evidenced,en,2026-08-27,2026-12-25,blocked,HTTP 403 Forbidden — same AfDB WAF as the main projects portal. SEFA project approvals therefore unverifiable by automated fetch; route a human here.
british_international_investment,British International Investment (BII),dfi,NG;KE;GH;TZ;UG;ZA;CI;SN;EG;MA;MZ;ZM;RW;CD;ET;MW;ZW,organisations;projects,https://www.bii.co.uk/,agent_web_sweep,no,unknown,independently_evidenced,en,2026-08-27,2026-12-25,blocked,HTTP 403 Forbidden on both the site root and the portfolio search page (/en/our-impact/search-results/) — WAF blocks automated fetchers entirely. BII's investment database is known to be filterable by country/sector; needs a browser-based crawler or manual capture.
proparco,Proparco (Groupe AFD),dfi,NG;KE;GH;TZ;UG;ZA;CI;SN;EG;MA;TN;MZ;ZM;RW;CD;ET;CM;ML;BF;MG,organisations;projects,https://www.proparco.fr/en/projects/list,agent_web_sweep,yes,continuous,independently_evidenced,fr,2026-08-27,2026-09-26,active,"register: https://www.proparco.fr/en/projects/list — Searchable project database, 20 project cards per page across 39 pages, filterable by year of signature, sector, location, financing type, client type; shows amounts in EUR. Traditional HTML with pagination, plus a link to the full dataset on Opendata (French open data portal). French-first site with English mirror."
fmo_world_map,FMO (Dutch Entrepreneurial Development Bank) World Map,dfi,NG;KE;GH;TZ;UG;ZA;CI;SN;EG;MZ;ZM;RW;CD;ET;CM;MW;ZW;AO,organisations;projects,https://www.fmo.nl/worldmap,agent_web_sweep,yes,continuous,independently_evidenced,en,2026-08-27,2026-09-26,active,"register: https://www.fmo.nl/worldmap — 1,316 investments listed with organisation name, amount, date, country, sector. Filterable by country, publication year (2017-2026), status (proposed/contracting/approved/completed), sector (incl. Energy) and funding source (incl. Access to Energy Fund, Building Prospects). Server-rendered with classic pagination across 66+ pages — ideal crawl target. No bulk download."
deg_investment_disclosure_database,DEG (Deutsche Investitions- und Entwicklungsgesellschaft) investment disclosure database,dfi,NG;KE;GH;TZ;UG;ZA;CI;SN;EG;MA;MZ;ZM;RW;ET;CM,organisations;projects,https://deginvest-investments.de/,agent_web_sweep,yes,continuous,independently_evidenced,en,2026-08-27,2026-09-26,active,"register: https://deginvest-investments.de/ — Dedicated disclosure database of DEG commitments since 2015, filterable by region, country, sector, year, customer. Listing renders via JS (page shows '0 Results' without JS) BUT a 'Download CSV' export is offered, which is the crawl path. Site states ~90-93% of recent commitments are published."
norfund_investment_overview,Norfund investment overview,dfi,NG;KE;GH;TZ;UG;ZA;MZ;ZM;RW;CD;ET;MW;SN;CI,organisations;projects,https://www.norfund.no/investment-overview/,agent_web_sweep,yes,yearly,independently_evidenced,en,2026-08-27,2027-08-27,active,"register: https://www.norfund.no/investment-overview/ — Interactive drill-through investment directory (PowerBI-style JS embed) covering all direct and fund investees, plus a bulk Excel download of the full investment database, last updated April 2026. Crawl the Excel, not the embed. Renewable energy is one of Norfund's four core areas."
private_infrastructure_development_group,Private Infrastructure Development Group (PIDG) — portfolio incl. EAIF and InfraCo Africa,dfi,NG;KE;GH;TZ;UG;ZA;CI;SN;MZ;ZM;RW;CD;ET;CM;ML;BF;MW;SL;LR;TD;BJ;TG,organisations;projects,https://pidg.org/portfolio/,agent_web_sweep,yes,yearly,independently_evidenced,en,2026-08-27,2027-08-27,active,"register: https://pidg.org/portfolio/ — Filterable portfolio (sector incl. Power/Energy, location, solution incl. Guarantee/Debt/Project Development) with 11 pages of project cards; JS-powered filtering. IMPORTANT: infracoafrica.com and eaif.com project pages have been shut down and 301 into pidg.org — this is now the single register for EAIF, InfraCo Africa and GuarantCo. Project-level impact data is separately downloadable as an annua"
global_energy_alliance_for_people_and_planet,Global Energy Alliance for People and Planet (GEAPP),programme,CD;ET;NG;ZA;SL;MW;UG;KE;GH;EG;MZ;TG;MR;BJ,organisations;projects,https://energyalliance.org/projects/,agent_web_sweep,yes,unknown,independently_evidenced,en,2026-08-27,2026-12-25,active,"register: https://energyalliance.org/projects/ — Lists 17 projects (DRE, BESS, Just Energy Transition, Pilot Programmes) with country filter; WordPress site, hybrid HTML with JS client-side filtering — project cards are in the HTML. Partner organisations are not named on cards; individual project pages and the 'Our partners' page carry the organisation names. Note /investments/ and /our-work/ return 404 — /projects/ is the current path."
climate_investment_funds,Climate Investment Funds (CIF),fund,NG;KE;GH;TZ;UG;ZA;CI;EG;MA;MZ;ZM;RW;ET;ML;MW;MG,organisations;projects,https://www.cif.org/projects,agent_web_sweep,review,continuous,independently_evidenced,en,2026-08-27,2026-09-26,active,"register: https://www.cif.org/projects — Project database filterable by program (CTF, SREP, FIP, PPCR, ACT, ARISE), topic, country, implementing MDB, status, sector and SDG. AJAX-loaded card/list views with pagination; project cards link to detail pages. No visible bulk download — crawler must drive the AJAX endpoints or paginate."
green_climate_fund_project_portfolio_and_open_data_library,Green Climate Fund (GCF) project portfolio and Open Data Library,fund,NG;KE;GH;TZ;UG;ZA;CI;SN;EG;MA;MZ;ZM;RW;CD;ET;ML;BF;NE;MW;MG,organisations;projects,https://www.greenclimate.fund/projects,agent_web_sweep,yes,continuous,independently_evidenced,en,2026-08-27,2026-09-26,active,"register: https://data.greenclimate.fund/ — Portfolio hub (359 projects, $20.4B) linking to all-projects browsing by region/country/sector. The dedicated Open Data Library at https://data.greenclimate.fund/ (opened, confirmed) is a Next.js app exposing Funded Activities, Countries, Entities and Readiness databases with funding/disbursement/impact figures — the structured-data crawl path."
repp,"REPP (Renewable Energy Performance Platform, managed by Camco)",fund,RW;TZ;CD;KE;NG;UG;MW;ZM;BJ;CM,organisations;projects,https://repp.energy/,agent_web_sweep,yes,unknown,independently_evidenced,en,2026-08-27,2026-12-25,active,"register: https://repp.energy/projects/ — Projects page lists ~43 portfolio companies/projects as HTML cards with name, country and technology (e.g. ARC Power Rwanda mini-grids, Mwenga Tanzania wind, Nuru DRC solar-hybrid grids, Bboxx SHS), each linking to a detail page; separate map view. WordPress, plain HTML, English/French/Portuguese versions. Note: /portfolio/ is 404 — current path is /projects/. REPP 2 (GCF-backed successor) is docu"
edfi_management_company,EDFI Management Company — ElectriFI / AgriFI investment database,fund,NG;KE;GH;TZ;UG;ZA;CI;SN;MZ;ZM;RW;CD;ET;CM;ML;BF;MW;MG;SL;BJ;TG;ZW,organisations;projects,https://edfimc.eu/our-projects/,agent_web_sweep,yes,continuous,independently_evidenced,en,2026-08-27,2026-09-26,active,"register: https://edfimc.eu/our-projects/ — 137 investments listed with name, year, countries, sector (Solar PV, Clean cooking, etc.), facility (ElectriFI/AgriFI), business model and stage (Contracted/Disbursed/Exited). Filterable by 43 countries, sector, year, facility; map and list views. JS-driven filtering but project entries were present in fetched HTML. Note: electrifi.eu now 301-redirects to edfimc.eu — this is the canonical ElectriF"
cei_africa,CEI Africa (Clean Energy and Energy Inclusion for Africa Foundation),fund,NG;KE;TZ;UG;CD;MZ;ZM;RW;ET;MW;SL,organisations;projects,https://cei-africa.com/,agent_web_sweep,yes,unknown,independently_evidenced,en,2026-08-27,2026-12-25,active,WordPress site describing two funding windows (results-based financing and crowdlending) for off-grid and mini-grid companies in Sub-Saharan Africa. No portfolio/investee register page exists (/portfolio/ is 404); investees are only disclosed via news posts (e.g. EUR 2m into Spark). Crawl target would be the news feed.
acumen_portfolio_companies_directory,Acumen portfolio companies directory,investor,NG;KE;GH;TZ;UG;RW;ET;SL;CI;SN,organisations;projects,https://acumen.org/companies/,agent_web_sweep,review,unknown,public_source,en,2026-08-27,2026-12-25,active,"register: https://acumen.org/companies/ — Page self-describes as 'an A to Z directory of all the companies we've invested in since 2001', but the company list, country and sector filters load via JavaScript — fetched HTML contains no company entries. Needs a headless-browser crawler or discovery of the underlying JSON endpoint."
responsability_investments,responsAbility Investments (Climate Finance / Access to Clean Power),investor,NG;KE;GH;TZ;UG;ZA;RW;ET,organisations;projects,https://www.responsability.com/en/investment-themes/climate-finance,agent_web_sweep,yes,unknown,public_source,en,2026-08-27,2026-12-25,active,"Informational theme page only — describes renewable energy, energy access and green lending focus areas and links to fund product pages. No public investee database exists on the site; individual deals surface only through press releases. /en/investments returns 404."
mirova,Mirova (absorbed SunFunder; Gigaton Fund),investor,KE;NG;TZ;UG;RW;ZA,organisations;projects,https://www.mirova.com/,agent_web_sweep,yes,unknown,public_source,en,2026-08-27,2026-12-25,active,"sunfunder.com now 301-redirects to mirova.com (confirmed by fetch). Mirova's site has strategy pages (Energy Transition Infrastructure) but no portfolio/holdings listing and no Gigaton Fund investee register; Gigaton deals (e.g. SunCulture, Solar Panda) appear only in news releases. Crawl target would be the news section."
oikocredit_partner_directory,Oikocredit partner directory,investor,NG;KE;GH;UG;CI;SN;ML;BF,organisations;projects,https://www.oikocredit.org/what-we-do/partners,agent_web_sweep,no,unknown,public_source,en,2026-08-27,2026-12-25,blocked,"oikocredit.coop 301-redirects to oikocredit.org, which returns HTTP 403 to automated fetchers (WAF). The partner directory (historically filterable by country and sector incl. renewable energy) needs browser-based capture."
u_s_trade_and_development_agency,U.S. Trade and Development Agency (USTDA),programme,NG;KE;GH;TZ;UG;ZA;CI;SN;EG;MA;ET,organisations;projects,https://ustda.gov/,agent_web_sweep,yes,unknown,independently_evidenced,en,2026-08-27,2026-12-25,active,"WordPress site with Energy industry and Africa/MENA region sections, but no unified searchable activities/transactions database was found — /activities/ is 404 and navigation only offers project-opportunity pages (/work/...) and a dated news feed. Grant-level data would have to come from the news feed or USAspending.gov."
power_africa,Power Africa (USAID),programme,NG;KE;GH;TZ;UG;ZA;CI;SN;ET;ZM;MW;RW;CD;MZ,organisations;projects,https://www.usaid.gov/powerafrica,agent_web_sweep,review,unknown,independently_evidenced,en,2026-08-27,2026-12-25,dead,HTTP 404 — Power Africa's site is gone following the 2025 dismantling of USAID; press reporting confirms the programme was terminated and its Tracking Tool (PATT) is offline. Historical transaction data survives only on archived USAID snapshots (2017-2020.usaid.gov) and the Wayback Machine.
linkedin_manual,LinkedIn (manual research source),directory,,organisations,https://www.linkedin.com/,editorial_policy,no,continuous,public_source,en,2026-08-27,2027-08-27,active,"Manual research only. The User Agreement prohibits automated scraping, so the crawler never fetches it; profile URLs may be stored as reference links and consulted by a human. Tier 7 under docs/04."
afsia_membership_directory,Africa Solar Industry Association (AFSIA) — membership directory,directory,,organisations,https://afsiasolar.com/,agent_web_sweep,yes,continuous,public_source,en,2026-08-27,2026-12-25,active,"register: https://afsiasolar.com/members/membership-directory/ — Opened and confirmed public: plain-HTML directory of 100+ members with headquarters, activity categories and website URLs, filterable by country and activity (e.g. AG Energies, Tanzania — Developer, EPC, Equipment Distributor). The member-zone Projects DB and Companies DB (/member-zone/) are login-walled: do not crawl those."
afsia_solar_awards_winners,AFSIA Solar Awards — winners by year,directory,,organisations;projects,https://afsiasolar.com/afsia-solar-awards/winners/,agent_web_sweep,yes,yearly,public_source,en,2026-08-27,2027-08-27,active,"Opened and confirmed public: winners 2020-2025 by category, naming BOTH companies and their projects (e.g. CrossBoundary Energy for Jabi Lake Mall, Lagos; Sterling & Wilson for 322 MW at Benban). Company-to-project pairs make this a project-party lead source, not just a directory."
climate_fund_managers,Climate Fund Managers (Climate Investor One / Two),fund,,organisations;projects,https://climatefundmanagers.com/,agent_web_sweep,yes,unknown,independently_evidenced,en,2026-08-27,2026-12-25,active,"register: https://climatefundmanagers.com/investments/ — Opened and confirmed: plain-HTML portfolio of 20+ projects across CI1/CI2 with names, countries and technologies (Twiga wind TZ; AHH hydro UG; Red Sea Power wind DJ; Konexa NG)."
facility_for_energy_inclusion,"Facility for Energy Inclusion (FEI) — AfDB-conceived, Cygnum-managed",fund,,organisations;projects,https://feiafrica.com/,agent_web_sweep,yes,unknown,independently_evidenced,en,2026-08-27,2026-12-25,active,"register: https://feiafrica.com/portfolio — Opened and confirmed: ~13-14 borrowers with operating countries across Telecom ESCO, C&I, IPP and mini-grid sectors (Camusat/AktivCo across 7 countries; Cicada Solar ZW; CrossBoundary Energy across 10; NuRAN Wireless CM/CD). Webflow HTML with JS filters."
cygnum_capital,Cygnum Capital (ex Lion's Head) — asset management,investor,,organisations;projects,https://www.cygnumcapital.com/,agent_web_sweep,review,unknown,public_source,en,2026-08-27,2026-12-25,active,"register: https://www.cygnumcapital.com/asset-management — Opened and confirmed: manager of seven funds, each with its own portfolio site named on the page: ALCBF (alcbfund.com), OGEF (ogefafrica.com), FEI (feiafrica.com — verified separately), AfricaGoGreen (agg-fund.com), E3 (e3-cap.com), AATIF (aatif.lu), UGEAP. Those sister-fund portfolio pages are leads to verify individually; OGEF is the most atlas-relevant."
shell_foundation,Shell Foundation — portfolio,programme,,organisations,https://shellfoundation.org/,agent_web_sweep,review,unknown,independently_evidenced,en,2026-08-27,2026-12-25,active,"register: https://shellfoundation.org/our-portfolio/ — Opened and confirmed: 50-80+ partner companies with region, country, technology and customer-group filters (Ampersand e-transport East Africa; SunCulture solar pumps; KOFA; Jaza Energy). JS-driven filtering — crawler needs the underlying endpoint or headless rendering."
all_on,"All On (Shell-seeded, Nigeria off-grid impact investor)",investor,NG,organisations,https://www.all-on.com/,agent_web_sweep,no,unknown,independently_evidenced,en,2026-08-27,2026-12-25,active,"Site is live but fully JS-rendered — the homepage serves only a shell and no portfolio path could be located server-side (/investments/ 404s). Press coverage credits 36+ Nigerian investee companies since 2018, so the portfolio page is worth locating in a browser by hand. Do not crawl until a server-rendered or API path is found."
inspired_evolution,Inspired Evolution (Evolution I-III funds),investor,,organisations,https://inspiredevolution.co.za/,agent_web_sweep,no,unknown,independently_evidenced,en,2026-08-27,2026-12-25,active,"Site is live but renders only a 'Loading…' JS shell server-side; the portfolio is not reachable without a browser. Known Evolution III investees from press: Red Rocket Group, CrossBoundary Energy (USD 40m, 2024-25). Locate the portfolio path by hand before any crawl."
